{
  "trigger": true,
  "modules": [
    "custom"
  ],
  "parentResource": "bpr2503ff6eb503ff6eb",
  "functionName": "bpr2503ff6eb503ff6ebPostConfirmation",
  "resourceName": "bpr2503ff6eb503ff6ebPostConfirmation",
  "parentStack": "auth",
  "triggerEnvs": "[]",
  "triggerDir": "C:\\snapshot\\repo\\build\\node_modules\\@aws-amplify\\amplify-category-auth\\provider-utils\\awscloudformation\\triggers\\PostConfirmation",
  "triggerTemplate": "PostConfirmation.json.ejs",
  "triggerEventPath": "PostConfirmation.event.json",
  "roleName": "bpr2503ff6eb503ff6ebPostConfirmation",
  "skipEdit": true
}