{
  "api": {
    "bpr2": {
      "dependsOn": [
        {
          "attributes": [
            "UserPoolId"
          ],
          "category": "auth",
          "resourceName": "bpr2503ff6eb503ff6eb"
        }
      ],
      "output": {
        "authConfig": {
          "additionalAuthenticationProviders": [],
          "defaultAuthentication": {
            "authenticationType": "AMAZON_COGNITO_USER_POOLS",
            "userPoolConfig": {
              "userPoolId": "authbpr2503ff6eb503ff6eb"
            }
          }
        }
      },
      "providerPlugin": "awscloudformation",
      "service": "AppSync"
    }
  },
  "auth": {
    "bpr2503ff6eb503ff6eb": {
      "customAuth": false,
      "dependsOn": [
        {
          "attributes": [
            "Arn",
            "Name"
          ],
          "category": "function",
          "resourceName": "bpr2503ff6eb503ff6ebPostConfirmation",
          "triggerProvider": "Cognito"
        }
      ],
      "frontendAuthConfig": {
        "mfaConfiguration": "OFF",
        "mfaTypes": [
          "SMS"
        ],
        "passwordProtectionSettings": {
          "passwordPolicyCharacters": [],
          "passwordPolicyMinLength": 8
        },
        "signupAttributes": [
          "EMAIL",
          "NAME"
        ],
        "socialProviders": [],
        "usernameAttributes": [],
        "verificationMechanisms": [
          "EMAIL"
        ]
      },
      "providerPlugin": "awscloudformation",
      "service": "Cognito"
    }
  },
  "function": {
    "bpr2503ff6eb503ff6ebPostConfirmation": {
      "build": true,
      "providerPlugin": "awscloudformation",
      "service": "Lambda"
    },
    "startRouteFunction": {
      "build": true,
      "dependsOn": [
        {
          "attributes": [
            "GraphQLAPIIdOutput"
          ],
          "category": "api",
          "resourceName": "bpr2"
        }
      ],
      "providerPlugin": "awscloudformation",
      "service": "Lambda"
    }
  },
  "geo": {
    "map6bc62a21": {
      "accessType": "AuthorizedUsers",
      "dependsOn": [
        {
          "attributes": [
            "UserPoolId"
          ],
          "category": "auth",
          "resourceName": "bpr2503ff6eb503ff6eb"
        }
      ],
      "isDefault": true,
      "mapStyle": "VectorEsriStreets",
      "providerPlugin": "awscloudformation",
      "service": "Map"
    },
    "placeIndexc1f75405": {
      "accessType": "AuthorizedUsers",
      "dataProvider": "Here",
      "dataSourceIntendedUse": "Storage",
      "dependsOn": [
        {
          "attributes": [
            "UserPoolId"
          ],
          "category": "auth",
          "resourceName": "bpr2503ff6eb503ff6eb"
        }
      ],
      "isDefault": true,
      "providerPlugin": "awscloudformation",
      "service": "PlaceIndex"
    }
  },
  "parameters": {
    "AMPLIFY_function_bpr2503ff6eb503ff6ebPostConfirmation_deploymentBucketName": {
      "usedBy": [
        {
          "category": "function",
          "resourceName": "bpr2503ff6eb503ff6ebPostConfirmation"
        }
      ]
    },
    "AMPLIFY_function_bpr2503ff6eb503ff6ebPostConfirmation_s3Key": {
      "usedBy": [
        {
          "category": "function",
          "resourceName": "bpr2503ff6eb503ff6ebPostConfirmation"
        }
      ]
    },
    "AMPLIFY_function_startRouteFunction_deploymentBucketName": {
      "usedBy": [
        {
          "category": "function",
          "resourceName": "startRouteFunction"
        }
      ]
    },
    "AMPLIFY_function_startRouteFunction_s3Key": {
      "usedBy": [
        {
          "category": "function",
          "resourceName": "startRouteFunction"
        }
      ]
    }
  },
  "storage": {}
}